{"state":{"total":[{"fips":"01","state":"AL","pop":4779.736,"tot":9959.97,"tot05":9957.64,"public_supply":831.07,"dom_self_supply":37.97,"ind_self_supply":574.43,"irrigation":158.9,"livestock":26.48,"aquaculture":59.1,"mining":20.21,"thermoelectric":8251.81,"ch0510":0.00023},{"fips":"02","state":"AK","pop":710.231,"tot":1094.53,"tot05":1046.01,"public_supply":79.05,"dom_self_supply":14.8,"ind_self_supply":12.08,"irrigation":1.59,"livestock":0.25,"aquaculture":683.85,"mining":244.92,"thermoelectric":57.99,"ch0510":0.04639},{"fips":"04","state":"AZ","pop":6392.333,"tot":6088.16,"tot05":6244.7,"public_supply":1213.42,"dom_self_supply":27.18,"ind_self_supply":12.92,"irrigation":4569.37,"livestock":26.96,"aquaculture":47.28,"mining":86.61,"thermoelectric":104.42,"ch0510":-0.02507},{"fips":"05","state":"AR","pop":2915.918,"tot":11326.96,"tot05":11428.29,"public_supply":428.67,"dom_self_supply":12.84,"ind_self_supply":275.57,"irrigation":8719.73,"livestock":38.96,"aquaculture":267.6,"mining":44.29,"thermoelectric":1539.3,"ch0510":-0.00887},{"fips":"06","state":"CA","pop":37253.956,"tot":37962.18,"tot05":45719.73,"public_supply":6298.72,"dom_self_supply":171.92,"ind_self_supply":400.4,"irrigation":23056.49,"livestock":187.79,"aquaculture":973.34,"mining":272.42,"thermoelectric":6601.1,"ch0510":-0.16968},{"fips":"08","state":"CO","pop":5029.196,"tot":10994.2,"tot05":13627.71,"public_supply":847.53,"dom_self_supply":37.93,"ind_self_supply":130.23,"irrigation":9714.71,"livestock":36.87,"aquaculture":122.02,"mining":27.93,"thermoelectric":76.98,"ch0510":-0.19325},{"fips":"09","state":"CT","pop":3574.097,"tot":3310.96,"tot05":3758.4,"public_supply":427.06,"dom_self_supply":65.35,"ind_self_supply":104.92,"irrigation":23.96,"livestock":1.01,"aquaculture":29.72,"mining":4.72,"thermoelectric":2654.22,"ch0510":-0.11905},{"fips":"10","state":"DE","pop":897.934,"tot":717.46,"tot05":1017.24,"public_supply":78.06,"dom_self_supply":14.82,"ind_self_supply":95.96,"irrigation":101.33,"livestock":1.31,"aquaculture":0.06,"mining":0.85,"thermoelectric":425.07,"ch0510":-0.2947},{"fips":"11","state":"DC","pop":601.723,"tot":0.1,"tot05":9.7,"public_supply":0,"dom_self_supply":0,"ind_self_supply":0,"irrigation":0.1,"livestock":0,"aquaculture":0,"mining":0,"thermoelectric":0,"ch0510":-0.98969},{"fips":"12","state":"FL","pop":18801.31,"tot":14935.97,"tot05":18307.9,"public_supply":2267.82,"dom_self_supply":213.84,"ind_self_supply":213.16,"irrigation":2919.84,"livestock":21.33,"aquaculture":1.86,"mining":112.87,"thermoelectric":9185.25,"ch0510":-0.18418},{"fips":"13","state":"GA","pop":9687.655,"tot":4718.84,"tot05":5442.42,"public_supply":1115.51,"dom_self_supply":114.77,"ind_self_supply":487.13,"irrigation":838.79,"livestock":29.27,"aquaculture":49.8,"mining":27.68,"thermoelectric":2055.89,"ch0510":-0.13295},{"fips":"15","state":"HI","pop":1360.301,"tot":1273.77,"tot05":1893.4,"public_supply":273.87,"dom_self_supply":8.02,"ind_self_supply":4.63,"irrigation":323.46,"livestock":1.83,"aquaculture":4.54,"mining":1.51,"thermoelectric":655.91,"ch0510":-0.32726},{"fips":"16","state":"ID","pop":1567.582,"tot":17230.47,"tot05":19510.22,"public_supply":238.6,"dom_self_supply":79.01,"ind_self_supply":49.72,"irrigation":14039.99,"livestock":47.51,"aquaculture":2754.56,"mining":20.2,"thermoelectric":0.88,"ch0510":-0.11685},{"fips":"17","state":"IL","pop":12830.632,"tot":13091.3,"tot05":15183.67,"public_supply":1504.83,"dom_self_supply":92.36,"ind_self_supply":390.33,"irrigation":225.76,"livestock":36.06,"aquaculture":31.95,"mining":96.33,"thermoelectric":10713.68,"ch0510":-0.1378},{"fips":"18","state":"IN","pop":6483.802,"tot":8643,"tot05":9340.11,"public_supply":655.5,"dom_self_supply":126.06,"ind_self_supply":2206.81,"irrigation":137.13,"livestock":39.2,"aquaculture":8.57,"mining":88.25,"thermoelectric":5381.48,"ch0510":-0.07464},{"fips":"19","state":"IA","pop":3046.355,"tot":3070.47,"tot05":3366.36,"public_supply":392.87,"dom_self_supply":38.38,"ind_self_supply":125.27,"irrigation":42.82,"livestock":135.93,"aquaculture":18.9,"mining":79.59,"thermoelectric":2236.71,"ch0510":-0.0879},{"fips":"20","state":"KS","pop":2853.118,"tot":4004.81,"tot05":3785.27,"public_supply":391.18,"dom_self_supply":14.88,"ind_self_supply":40.29,"irrigation":3041,"livestock":114.02,"aquaculture":12.94,"mining":13.32,"thermoelectric":377.18,"ch0510":0.058},{"fips":"21","state":"KY","pop":4339.367,"tot":4326.48,"tot05":4328.98,"public_supply":572.2,"dom_self_supply":33.15,"ind_self_supply":227.72,"irrigation":29.03,"livestock":43.78,"aquaculture":34.06,"mining":30.75,"thermoelectric":3355.79,"ch0510":-0.00058},{"fips":"22","state":"LA","pop":4533.372,"tot":8540.31,"tot05":11597.66,"public_supply":746.43,"dom_self_supply":46.98,"ind_self_supply":2058.03,"irrigation":927.94,"livestock":8.03,"aquaculture":311.06,"mining":11.26,"thermoelectric":4430.58,"ch0510":-0.26362},{"fips":"23","state":"ME","pop":1328.361,"tot":449.34,"tot05":604.64,"public_supply":91.3,"dom_self_supply":33.05,"ind_self_supply":206.78,"irrigation":11.28,"livestock":2.29,"aquaculture":46.93,"mining":4.87,"thermoelectric":52.84,"ch0510":-0.25685},{"fips":"24","state":"MD","pop":5773.552,"tot":7382.03,"tot05":7492.33,"public_supply":789.73,"dom_self_supply":85.58,"ind_self_supply":196.3,"irrigation":72.08,"livestock":8.25,"aquaculture":20.76,"mining":9.43,"thermoelectric":6199.9,"ch0510":-0.01472},{"fips":"25","state":"MA","pop":6547.629,"tot":2995.89,"tot05":3591.44,"public_supply":679.3,"dom_self_supply":37.9,"ind_self_supply":16.34,"irrigation":139.24,"livestock":1.4,"aquaculture":49.65,"mining":6.6,"thermoelectric":2065.46,"ch0510":-0.16582},{"fips":"26","state":"MI","pop":9883.64,"tot":10837.19,"tot05":11659.89,"public_supply":1087.69,"dom_self_supply":230.91,"ind_self_supply":611.89,"irrigation":209.24,"livestock":19.61,"aquaculture":82.69,"mining":76.75,"thermoelectric":8518.41,"ch0510":-0.07056},{"fips":"27","state":"MN","pop":5303.925,"tot":3821.21,"tot05":4041.26,"public_supply":541.65,"dom_self_supply":78.95,"ind_self_supply":133.53,"irrigation":197.44,"livestock":59.33,"aquaculture":16.87,"mining":284.77,"thermoelectric":2508.67,"ch0510":-0.05445},{"fips":"28","state":"MS","pop":2967.297,"tot":3932.95,"tot05":2927.7,"public_supply":395.16,"dom_self_supply":44.6,"ind_self_supply":202.77,"irrigation":2092.96,"livestock":18.42,"aquaculture":132.71,"mining":21.35,"thermoelectric":1024.98,"ch0510":0.34336},{"fips":"29","state":"MO","pop":5988.927,"tot":8568.53,"tot05":8793.43,"public_supply":836.34,"dom_self_supply":61.81,"ind_self_supply":68.41,"irrigation":1402.18,"livestock":72.86,"aquaculture":180.64,"mining":32.86,"thermoelectric":5913.43,"ch0510":-0.02558},{"fips":"30","state":"MT","pop":989.415,"tot":7645.24,"tot05":10115.9,"public_supply":137.97,"dom_self_supply":22.25,"ind_self_supply":66.43,"irrigation":7160.44,"livestock":41.83,"aquaculture":18.87,"mining":46.48,"thermoelectric":150.97,"ch0510":-0.24424},{"fips":"31","state":"NE","pop":1826.341,"tot":8036.33,"tot05":12604.42,"public_supply":295.62,"dom_self_supply":44.01,"ind_self_supply":31.12,"irrigation":5660.12,"livestock":114.18,"aquaculture":88.27,"mining":8.99,"thermoelectric":1794.02,"ch0510":-0.36242},{"fips":"32","state":"NV","pop":2700.551,"tot":2623.09,"tot05":2377.51,"public_supply":580.81,"dom_self_supply":29.81,"ind_self_supply":5.23,"irrigation":1573.76,"livestock":5.06,"aquaculture":49.46,"mining":346.4,"thermoelectric":32.56,"ch0510":0.10329},{"fips":"33","state":"NH","pop":1316.47,"tot":1214.61,"tot05":1323.69,"public_supply":91.25,"dom_self_supply":33.32,"ind_self_supply":17.69,"irrigation":1.92,"livestock":0.89,"aquaculture":16.57,"mining":2.85,"thermoelectric":1050.12,"ch0510":-0.08241},{"fips":"34","state":"NJ","pop":8791.894,"tot":5670.65,"tot05":7390.52,"public_supply":1080.1,"dom_self_supply":98.34,"ind_self_supply":83.27,"irrigation":137.64,"livestock":0.98,"aquaculture":9.16,"mining":8.64,"thermoelectric":4252.52,"ch0510":-0.23271},{"fips":"35","state":"NM","pop":2059.179,"tot":3161.01,"tot05":3331.93,"public_supply":283.32,"dom_self_supply":25.82,"ind_self_supply":11.1,"irrigation":2695.9,"livestock":35.81,"aquaculture":20.11,"mining":37.09,"thermoelectric":51.86,"ch0510":-0.0513},{"fips":"36","state":"NY","pop":19378.102,"tot":10574.52,"tot05":15175.15,"public_supply":2263.04,"dom_self_supply":152.12,"ind_self_supply":351.93,"irrigation":70.4,"livestock":22.55,"aquaculture":40.16,"mining":72.38,"thermoelectric":7601.94,"ch0510":-0.30317},{"fips":"37","state":"NC","pop":9535.483,"tot":12420.12,"tot05":12852.19,"public_supply":959.79,"dom_self_supply":231.35,"ind_self_supply":271.38,"irrigation":366.93,"livestock":71.95,"aquaculture":1466.23,"mining":32.63,"thermoelectric":9019.86,"ch0510":-0.03362},{"fips":"38","state":"ND","pop":672.591,"tot":1147.06,"tot05":1339.89,"public_supply":68.83,"dom_self_supply":3.68,"ind_self_supply":18.68,"irrigation":164.77,"livestock":21.56,"aquaculture":5.92,"mining":26.97,"thermoelectric":836.65,"ch0510":-0.14391},{"fips":"39","state":"OH","pop":11536.504,"tot":9442.75,"tot05":11469.14,"public_supply":1373.16,"dom_self_supply":137.24,"ind_self_supply":489.28,"irrigation":52.58,"livestock":23.97,"aquaculture":34.33,"mining":114.89,"thermoelectric":7217.3,"ch0510":-0.17668},{"fips":"40","state":"OK","pop":3751.34,"tot":3168.24,"tot05":1727.88,"public_supply":657.41,"dom_self_supply":26.81,"ind_self_supply":20.76,"irrigation":564.14,"livestock":88.83,"aquaculture":10.68,"mining":1414.22,"thermoelectric":385.39,"ch0510":0.8336},{"fips":"41","state":"OR","pop":3831.074,"tot":6734.45,"tot05":7218.17,"public_supply":533.79,"dom_self_supply":67.07,"ind_self_supply":125.75,"irrigation":5257.49,"livestock":17.04,"aquaculture":711.99,"mining":8.64,"thermoelectric":12.68,"ch0510":-0.06701},{"fips":"42","state":"PA","pop":12702.379,"tot":8134.9,"tot05":9471.7,"public_supply":1424.85,"dom_self_supply":200.72,"ind_self_supply":866.24,"irrigation":27.14,"livestock":52.31,"aquaculture":107.59,"mining":61.97,"thermoelectric":5394.08,"ch0510":-0.14114},{"fips":"44","state":"RI","pop":1052.567,"tot":375.5,"tot05":405.17,"public_supply":108.03,"dom_self_supply":8.02,"ind_self_supply":7.52,"irrigation":2.69,"livestock":0.18,"aquaculture":14.5,"mining":0.92,"thermoelectric":233.64,"ch0510":-0.07323},{"fips":"45","state":"SC","pop":4625.364,"tot":6782.2,"tot05":7845.16,"public_supply":618.62,"dom_self_supply":115.25,"ind_self_supply":387.72,"irrigation":125.11,"livestock":12.02,"aquaculture":10.97,"mining":8.43,"thermoelectric":5504.08,"ch0510":-0.13549},{"fips":"46","state":"SD","pop":814.18,"tot":625.77,"tot05":500.35,"public_supply":124.21,"dom_self_supply":5.37,"ind_self_supply":9.48,"irrigation":362.4,"livestock":47.41,"aquaculture":48.4,"mining":18.23,"thermoelectric":10.27,"ch0510":0.25066},{"fips":"47","state":"TN","pop":6346.105,"tot":7696.59,"tot05":10838.28,"public_supply":918.44,"dom_self_supply":38.72,"ind_self_supply":776.02,"irrigation":71.88,"livestock":27.49,"aquaculture":52.64,"mining":14.62,"thermoelectric":5796.78,"ch0510":-0.28987},{"fips":"48","state":"TX","pop":25145.561,"tot":24796.69,"tot05":26746.96,"public_supply":3992.84,"dom_self_supply":258.72,"ind_self_supply":1289.94,"irrigation":6831.88,"livestock":258.65,"aquaculture":31.37,"mining":1013.19,"thermoelectric":11120.1,"ch0510":-0.07292},{"fips":"49","state":"UT","pop":2763.885,"tot":4463.81,"tot05":5115.18,"public_supply":673,"dom_self_supply":8.44,"ind_self_supply":118.2,"irrigation":3219.54,"livestock":16.53,"aquaculture":97.13,"mining":250.41,"thermoelectric":80.56,"ch0510":-0.12734},{"fips":"50","state":"VT","pop":625.741,"tot":430.52,"tot05":522.53,"public_supply":43.11,"dom_self_supply":13.63,"ind_self_supply":5.69,"irrigation":2.45,"livestock":5.63,"aquaculture":10.93,"mining":3.85,"thermoelectric":345.23,"ch0510":-0.17609},{"fips":"51","state":"VA","pop":8001.024,"tot":7648.03,"tot05":10618.77,"public_supply":664.64,"dom_self_supply":123.68,"ind_self_supply":438.9,"irrigation":61.39,"livestock":27.36,"aquaculture":295.24,"mining":34.92,"thermoelectric":6001.9,"ch0510":-0.27976},{"fips":"53","state":"WA","pop":6724.54,"tot":4955.81,"tot05":5637.13,"public_supply":909.63,"dom_self_supply":112.84,"ind_self_supply":490.88,"irrigation":3146.91,"livestock":27.75,"aquaculture":213.16,"mining":16.71,"thermoelectric":37.93,"ch0510":-0.12086},{"fips":"54","state":"WV","pop":1852.994,"tot":3532.99,"tot05":4811.78,"public_supply":189.17,"dom_self_supply":31.51,"ind_self_supply":767.96,"irrigation":0.09,"livestock":5.08,"aquaculture":52.32,"mining":15.55,"thermoelectric":2471.31,"ch0510":-0.26576},{"fips":"55","state":"WI","pop":5686.986,"tot":6157.59,"tot05":8597.39,"public_supply":481.41,"dom_self_supply":78.36,"ind_self_supply":436.14,"irrigation":378.8,"livestock":73.07,"aquaculture":55.76,"mining":19.56,"thermoelectric":4634.49,"ch0510":-0.28378},{"fips":"56","state":"WY","pop":563.626,"tot":4701.51,"tot05":4591.92,"public_supply":98.98,"dom_self_supply":8.55,"ind_self_supply":6.74,"irrigation":4369.34,"livestock":16.48,"aquaculture":20.83,"mining":117.24,"thermoelectric":63.35,"ch0510":0.02387},{"fips":"US","state":"US","pop":308745.845,"tot":351417.06,"tot05":407304.81,"public_supply":41355.58,"dom_self_supply":3598.69,"ind_self_supply":15939.67,"irrigation":115302.07,"livestock":1993.36,"aquaculture":9424.05,"mining":5316.12,"thermoelectric":158487.52,"ch0510":-0.13721}],"metro":[{"fips":"01","state":"AL","metro":"1","pop":3608.396,"tot":7903.44,"tot05":7409.32,"public_supply":628.24,"dom_self_supply":18.43,"ind_self_supply":308.51,"irrigation":126.47,"livestock":10.42,"aquaculture":22.37,"mining":13.6,"thermoelectric":6775.4,"ch0510":0.06669},{"fips":"02","state":"AK","metro":"1","pop":478.402,"tot":133.61,"tot05":152.62,"public_supply":47.39,"dom_self_supply":10.84,"ind_self_supply":0.89,"irrigation":1.26,"livestock":0.11,"aquaculture":27.36,"mining":12.07,"thermoelectric":33.69,"ch0510":-0.12456},{"fips":"04","state":"AZ","metro":"1","pop":6046.203,"tot":5054.47,"tot05":5261.61,"public_supply":1172.71,"dom_self_supply":19.91,"ind_self_supply":3.81,"irrigation":3687.06,"livestock":24.94,"aquaculture":24.38,"mining":59.93,"thermoelectric":61.73,"ch0510":-0.03937},{"fips":"05","state":"AR","metro":"1","pop":1752.413,"tot":3359.64,"tot05":3216.27,"public_supply":258.66,"dom_self_supply":3.33,"ind_self_supply":130.29,"irrigation":2552.52,"livestock":12.05,"aquaculture":47.27,"mining":0.76,"thermoelectric":354.76,"ch0510":0.04458},{"fips":"06","state":"CA","metro":"1","pop":36408.727,"tot":33888.14,"tot05":41684.19,"public_supply":6161.42,"dom_self_supply":155.44,"ind_self_supply":385.81,"irrigation":19924.3,"livestock":176.88,"aquaculture":288.97,"mining":268.13,"thermoelectric":6527.19,"ch0510":-0.18703},{"fips":"08","state":"CO","metro":"1","pop":4341.903,"tot":3022.01,"tot05":3575.24,"public_supply":716.05,"dom_self_supply":17.4,"ind_self_supply":123.71,"irrigation":2087,"livestock":12.47,"aquaculture":32.34,"mining":2.13,"thermoelectric":30.91,"ch0510":-0.15474},{"fips":"09","state":"CT","metro":"1","pop":3384.17,"tot":3242.52,"tot05":3659,"public_supply":368.8,"dom_self_supply":59.08,"ind_self_supply":103.79,"irrigation":22.53,"livestock":0.83,"aquaculture":29.19,"mining":4.08,"thermoelectric":2654.22,"ch0510":-0.11382},{"fips":"10","state":"DE","metro":"1","pop":897.934,"tot":717.46,"tot05":1017.24,"public_supply":78.06,"dom_self_supply":14.82,"ind_self_supply":95.96,"irrigation":101.33,"livestock":1.31,"aquaculture":0.06,"mining":0.85,"thermoelectric":425.07,"ch0510":-0.2947},{"fips":"11","state":"DC","metro":"1","pop":601.723,"tot":0.1,"tot05":9.7,"public_supply":0,"dom_self_supply":0,"ind_self_supply":0,"irrigation":0.1,"livestock":0,"aquaculture":0,"mining":0,"thermoelectric":0,"ch0510":-0.98969},{"fips":"12","state":"FL","metro":"1","pop":18094.312,"tot":13686.31,"tot05":17160.33,"public_supply":2211.34,"dom_self_supply":179.07,"ind_self_supply":148.21,"irrigation":2047.1,"livestock":8.62,"aquaculture":0.99,"mining":76.44,"thermoelectric":9014.54,"ch0510":-0.20244},{"fips":"13","state":"GA","metro":"1","pop":7913.229,"tot":2579.74,"tot05":3185.33,"public_supply":938.09,"dom_self_supply":62.91,"ind_self_supply":246.76,"irrigation":243.81,"livestock":11.63,"aquaculture":16.88,"mining":13.52,"thermoelectric":1046.14,"ch0510":-0.19012},{"fips":"15","state":"HI","metro":"1","pop":1108.131,"tot":1077.32,"tot05":1719.3,"public_supply":213.52,"dom_self_supply":1.1,"ind_self_supply":4.63,"irrigation":258.39,"livestock":0.45,"aquaculture":1.6,"mining":0.7,"thermoelectric":596.93,"ch0510":-0.3734},{"fips":"16","state":"ID","metro":"1","pop":1023.21,"tot":5724.76,"tot05":7261.27,"public_supply":160.41,"dom_self_supply":31.46,"ind_self_supply":20.88,"irrigation":5036.35,"livestock":11.9,"aquaculture":459.32,"mining":3.56,"thermoelectric":0.88,"ch0510":-0.2116},{"fips":"17","state":"IL","metro":"1","pop":11302.205,"tot":9148.61,"tot05":10958.76,"public_supply":1364.3,"dom_self_supply":68.1,"ind_self_supply":357.82,"irrigation":53.97,"livestock":12.52,"aquaculture":13.37,"mining":32.97,"thermoelectric":7245.56,"ch0510":-0.16518},{"fips":"18","state":"IN","metro":"1","pop":5004.751,"tot":6352.21,"tot05":7048.41,"public_supply":538.04,"dom_self_supply":81.9,"ind_self_supply":2160.51,"irrigation":79.28,"livestock":13.33,"aquaculture":6.38,"mining":60.25,"thermoelectric":3412.52,"ch0510":-0.09877},{"fips":"19","state":"IA","metro":"1","pop":1746.7,"tot":2097.24,"tot05":2143.95,"public_supply":208.06,"dom_self_supply":13.53,"ind_self_supply":43.81,"irrigation":13.97,"livestock":24.95,"aquaculture":0.43,"mining":24.27,"thermoelectric":1768.22,"ch0510":-0.02179},{"fips":"20","state":"KS","metro":"1","pop":1896.633,"tot":647.49,"tot05":731.5,"public_supply":252.23,"dom_self_supply":3.54,"ind_self_supply":9.05,"irrigation":100.42,"livestock":12.53,"aquaculture":4.44,"mining":4.17,"thermoelectric":261.11,"ch0510":-0.11485},{"fips":"21","state":"KY","metro":"1","pop":2499.358,"tot":1676,"tot05":1849.84,"public_supply":340.03,"dom_self_supply":20.29,"ind_self_supply":135.23,"irrigation":14.44,"livestock":12.36,"aquaculture":0.45,"mining":6,"thermoelectric":1147.2,"ch0510":-0.09398},{"fips":"22","state":"LA","metro":"1","pop":3758.156,"tot":7368.65,"tot05":10391.34,"public_supply":628.63,"dom_self_supply":36.81,"ind_self_supply":1972.72,"irrigation":333.97,"livestock":4.87,"aquaculture":179.98,"mining":7.25,"thermoelectric":4204.42,"ch0510":-0.29089},{"fips":"23","state":"ME","metro":"1","pop":775.723,"tot":187.62,"tot05":314.11,"public_supply":62.45,"dom_self_supply":14.45,"ind_self_supply":44.56,"irrigation":2.12,"livestock":1.02,"aquaculture":9.1,"mining":2.84,"thermoelectric":51.08,"ch0510":-0.40269},{"fips":"24","state":"MD","metro":"1","pop":5619.792,"tot":7321.25,"tot05":7440.04,"public_supply":779.88,"dom_self_supply":78.95,"ind_self_supply":194.06,"irrigation":36.96,"livestock":6.08,"aquaculture":19.02,"mining":6.42,"thermoelectric":6199.88,"ch0510":-0.01597},{"fips":"25","state":"MA","metro":"1","pop":6449.55,"tot":2941.23,"tot05":3547.96,"public_supply":667.4,"dom_self_supply":35.81,"ind_self_supply":13.37,"irrigation":135.62,"livestock":1.15,"aquaculture":16.04,"mining":6.38,"thermoelectric":2065.46,"ch0510":-0.17101},{"fips":"26","state":"MI","metro":"1","pop":8067.672,"tot":9728.49,"tot05":10412.97,"public_supply":928.03,"dom_self_supply":139.94,"ind_self_supply":408.32,"irrigation":120.98,"livestock":7.04,"aquaculture":7.03,"mining":12.53,"thermoelectric":8104.62,"ch0510":-0.06573},{"fips":"27","state":"MN","metro":"1","pop":4061.443,"tot":2278.42,"tot05":2380.37,"public_supply":452.42,"dom_self_supply":39.61,"ind_self_supply":56.64,"irrigation":80.67,"livestock":18,"aquaculture":11.86,"mining":139.29,"thermoelectric":1479.93,"ch0510":-0.04283},{"fips":"28","state":"MS","metro":"1","pop":1327.455,"tot":1102.4,"tot05":644.56,"public_supply":175.4,"dom_self_supply":20.69,"ind_self_supply":85.21,"irrigation":200.75,"livestock":3.53,"aquaculture":3.24,"mining":3.98,"thermoelectric":609.6,"ch0510":0.71031},{"fips":"29","state":"MO","metro":"1","pop":4428.208,"tot":4837.85,"tot05":5269.69,"public_supply":691.12,"dom_self_supply":31.38,"ind_self_supply":54.89,"irrigation":47,"livestock":21.64,"aquaculture":2.37,"mining":12.36,"thermoelectric":3977.09,"ch0510":-0.08195},{"fips":"30","state":"MT","metro":"1","pop":349.56,"tot":1129.75,"tot05":1111.22,"public_supply":53.49,"dom_self_supply":5.15,"ind_self_supply":32.57,"irrigation":936.76,"livestock":4.49,"aquaculture":4.8,"mining":2.24,"thermoelectric":90.25,"ch0510":0.01668},{"fips":"31","state":"NE","metro":"1","pop":1153.218,"tot":1634.94,"tot05":2638.22,"public_supply":192.91,"dom_self_supply":23.42,"ind_self_supply":3.42,"irrigation":657.63,"livestock":9.15,"aquaculture":8.49,"mining":3.62,"thermoelectric":736.3,"ch0510":-0.38029},{"fips":"32","state":"NV","metro":"1","pop":2431.96,"tot":638.51,"tot05":738.28,"public_supply":529.15,"dom_self_supply":16.75,"ind_self_supply":4.98,"irrigation":51.58,"livestock":0.26,"aquaculture":18.23,"mining":8.11,"thermoelectric":9.45,"ch0510":-0.13514},{"fips":"33","state":"NH","metro":"1","pop":819.087,"tot":945.25,"tot05":995.31,"public_supply":58.16,"dom_self_supply":20.65,"ind_self_supply":8.65,"irrigation":1.13,"livestock":0.19,"aquaculture":8.03,"mining":0.38,"thermoelectric":848.06,"ch0510":-0.0503},{"fips":"34","state":"NJ","metro":"1","pop":8791.894,"tot":5670.65,"tot05":7390.52,"public_supply":1080.1,"dom_self_supply":98.34,"ind_self_supply":83.27,"irrigation":137.64,"livestock":0.98,"aquaculture":9.16,"mining":8.64,"thermoelectric":4252.52,"ch0510":-0.23271},{"fips":"35","state":"NM","metro":"1","pop":1370.524,"tot":1224.43,"tot05":1278.86,"public_supply":186.47,"dom_self_supply":13.04,"ind_self_supply":4.93,"irrigation":967.77,"livestock":5.97,"aquaculture":0.5,"mining":1.4,"thermoelectric":44.35,"ch0510":-0.04256},{"fips":"36","state":"NY","metro":"1","pop":17956.46,"tot":9324.01,"tot05":13929.73,"public_supply":1615.2,"dom_self_supply":102.46,"ind_self_supply":291.84,"irrigation":52.26,"livestock":10.02,"aquaculture":26.61,"mining":43.7,"thermoelectric":7181.92,"ch0510":-0.33064},{"fips":"37","state":"NC","metro":"1","pop":7334.055,"tot":10331.98,"tot05":10797.49,"public_supply":686.59,"dom_self_supply":168.2,"ind_self_supply":67.05,"irrigation":197.5,"livestock":24.79,"aquaculture":192,"mining":10.7,"thermoelectric":8985.15,"ch0510":-0.04311},{"fips":"38","state":"ND","metro":"1","pop":331.417,"tot":535.83,"tot05":621.29,"public_supply":34.58,"dom_self_supply":1.03,"ind_self_supply":2.66,"irrigation":21.49,"livestock":3.47,"aquaculture":0,"mining":1.61,"thermoelectric":470.99,"ch0510":-0.13755},{"fips":"39","state":"OH","metro":"1","pop":9142.308,"tot":6171.47,"tot05":7788.13,"public_supply":1150.37,"dom_self_supply":81.37,"ind_self_supply":390.08,"irrigation":37.38,"livestock":6.79,"aquaculture":8.72,"mining":52.8,"thermoelectric":4443.96,"ch0510":-0.20758},{"fips":"40","state":"OK","metro":"1","pop":2413.52,"tot":716.94,"tot05":453.59,"public_supply":314.45,"dom_self_supply":11.51,"ind_self_supply":4.74,"irrigation":36.92,"livestock":19.04,"aquaculture":1.78,"mining":298.69,"thermoelectric":29.81,"ch0510":0.58059},{"fips":"41","state":"OR","metro":"1","pop":3177.936,"tot":1865.9,"tot05":1933.81,"public_supply":416.83,"dom_self_supply":47.79,"ind_self_supply":84.92,"irrigation":932.18,"livestock":4.37,"aquaculture":371.26,"mining":6.4,"thermoelectric":2.15,"ch0510":-0.03512},{"fips":"42","state":"PA","metro":"1","pop":11192.164,"tot":7077.8,"tot05":8281.8,"public_supply":1267.34,"dom_self_supply":158.16,"ind_self_supply":815.81,"irrigation":20.84,"livestock":34.95,"aquaculture":71.01,"mining":43.64,"thermoelectric":4666.05,"ch0510":-0.14538},{"fips":"44","state":"RI","metro":"1","pop":1052.567,"tot":375.5,"tot05":405.17,"public_supply":108.03,"dom_self_supply":8.02,"ind_self_supply":7.52,"irrigation":2.69,"livestock":0.18,"aquaculture":14.5,"mining":0.92,"thermoelectric":233.64,"ch0510":-0.07323},{"fips":"45","state":"SC","metro":"1","pop":3861.857,"tot":3226.85,"tot05":4998.28,"public_supply":532.26,"dom_self_supply":93.74,"ind_self_supply":300.55,"irrigation":73.52,"livestock":6.81,"aquaculture":3.87,"mining":6.3,"thermoelectric":2209.8,"ch0510":-0.35441},{"fips":"46","state":"SD","metro":"1","pop":377.258,"tot":126.87,"tot05":129.82,"public_supply":51.54,"dom_self_supply":3.7,"ind_self_supply":3.85,"irrigation":36.13,"livestock":5.98,"aquaculture":20.55,"mining":4.79,"thermoelectric":0.33,"ch0510":-0.02272},{"fips":"47","state":"TN","metro":"1","pop":4858.864,"tot":5233.53,"tot05":6871.02,"public_supply":745.3,"dom_self_supply":21.51,"ind_self_supply":575.79,"irrigation":28.64,"livestock":11.41,"aquaculture":23.16,"mining":6.72,"thermoelectric":3821,"ch0510":-0.23832},{"fips":"48","state":"TX","metro":"1","pop":22140.398,"tot":14086.03,"tot05":15674.33,"public_supply":2745.02,"dom_self_supply":179.3,"ind_self_supply":1072.99,"irrigation":1920.12,"livestock":75.44,"aquaculture":16.94,"mining":404.47,"thermoelectric":7671.75,"ch0510":-0.10133},{"fips":"49","state":"UT","metro":"1","pop":2462.613,"tot":2226.27,"tot05":2285.7,"public_supply":593.66,"dom_self_supply":3.58,"ind_self_supply":107.53,"irrigation":1240.89,"livestock":5.67,"aquaculture":29.53,"mining":239.07,"thermoelectric":6.34,"ch0510":-0.026},{"fips":"50","state":"VT","metro":"1","pop":211.261,"tot":29.4,"tot05":32.22,"public_supply":17.57,"dom_self_supply":3.47,"ind_self_supply":1.25,"irrigation":0.65,"livestock":1.81,"aquaculture":3.12,"mining":0.8,"thermoelectric":0.73,"ch0510":-0.08752},{"fips":"51","state":"VA","metro":"1","pop":6928.729,"tot":3471.34,"tot05":5470.27,"public_supply":569.45,"dom_self_supply":87.4,"ind_self_supply":384.18,"irrigation":35.32,"livestock":16.03,"aquaculture":112.96,"mining":15.48,"thermoelectric":2250.52,"ch0510":-0.36542},{"fips":"53","state":"WA","metro":"1","pop":6019.776,"tot":3177.15,"tot05":3651.26,"public_supply":819.91,"dom_self_supply":86.98,"ind_self_supply":461.76,"irrigation":1620.06,"livestock":19.77,"aquaculture":132,"mining":13.54,"thermoelectric":23.13,"ch0510":-0.12985},{"fips":"54","state":"WV","metro":"1","pop":1132.502,"tot":1475.17,"tot05":2086.57,"public_supply":118.3,"dom_self_supply":14.58,"ind_self_supply":687.82,"irrigation":0.07,"livestock":1.42,"aquaculture":7.35,"mining":7.17,"thermoelectric":638.46,"ch0510":-0.29302},{"fips":"55","state":"WI","metro":"1","pop":4178.924,"tot":4030.27,"tot05":4419.39,"public_supply":376.95,"dom_self_supply":44.22,"ind_self_supply":232.79,"irrigation":45.13,"livestock":31.79,"aquaculture":14.79,"mining":11.21,"thermoelectric":3273.39,"ch0510":-0.08805},{"fips":"56","state":"WY","metro":"1","pop":167.188,"tot":408.72,"tot05":392.05,"public_supply":25.18,"dom_self_supply":2.08,"ind_self_supply":1.31,"irrigation":373.33,"livestock":1.85,"aquaculture":2.74,"mining":2.23,"thermoelectric":0,"ch0510":0.04252},{"fips":"US","state":"US","metro":"1","pop":262452.439,"tot":221211.54,"tot05":262819.25,"public_supply":34331.49,"dom_self_supply":2455.24,"ind_self_supply":12741.7,"irrigation":46736,"livestock":713.26,"aquaculture":2326.54,"mining":1969.11,"thermoelectric":119938.2,"ch0510":-0.15831}],"nonmetro":[{"fips":"01","state":"AL","metro":"0","pop":1171.34,"tot":2056.53,"tot05":2548.32,"public_supply":202.83,"dom_self_supply":19.54,"ind_self_supply":265.92,"irrigation":32.43,"livestock":16.06,"aquaculture":36.73,"mining":6.61,"thermoelectric":1476.41,"ch0510":-0.19299},{"fips":"02","state":"AK","metro":"0","pop":231.829,"tot":960.92,"tot05":893.39,"public_supply":31.66,"dom_self_supply":3.96,"ind_self_supply":11.19,"irrigation":0.33,"livestock":0.14,"aquaculture":656.49,"mining":232.85,"thermoelectric":24.3,"ch0510":0.07559},{"fips":"04","state":"AZ","metro":"0","pop":346.13,"tot":1033.69,"tot05":983.09,"public_supply":40.71,"dom_self_supply":7.27,"ind_self_supply":9.11,"irrigation":882.31,"livestock":2.02,"aquaculture":22.9,"mining":26.68,"thermoelectric":42.69,"ch0510":0.05147},{"fips":"05","state":"AR","metro":"0","pop":1163.505,"tot":7967.32,"tot05":8212.02,"public_supply":170.01,"dom_self_supply":9.51,"ind_self_supply":145.28,"irrigation":6167.21,"livestock":26.91,"aquaculture":220.33,"mining":43.53,"thermoelectric":1184.54,"ch0510":-0.0298},{"fips":"06","state":"CA","metro":"0","pop":845.229,"tot":4074.04,"tot05":4035.54,"public_supply":137.3,"dom_self_supply":16.48,"ind_self_supply":14.59,"irrigation":3132.19,"livestock":10.91,"aquaculture":684.37,"mining":4.29,"thermoelectric":73.91,"ch0510":0.00954},{"fips":"08","state":"CO","metro":"0","pop":687.293,"tot":7972.19,"tot05":10052.47,"public_supply":131.48,"dom_self_supply":20.53,"ind_self_supply":6.52,"irrigation":7627.71,"livestock":24.4,"aquaculture":89.68,"mining":25.8,"thermoelectric":46.07,"ch0510":-0.20694},{"fips":"09","state":"CT","metro":"0","pop":189.927,"tot":68.44,"tot05":99.4,"public_supply":58.26,"dom_self_supply":6.27,"ind_self_supply":1.13,"irrigation":1.43,"livestock":0.18,"aquaculture":0.53,"mining":0.64,"thermoelectric":0,"ch0510":-0.31147},{"fips":"12","state":"FL","metro":"0","pop":706.998,"tot":1249.66,"tot05":1147.57,"public_supply":56.48,"dom_self_supply":34.77,"ind_self_supply":64.95,"irrigation":872.74,"livestock":12.71,"aquaculture":0.87,"mining":36.43,"thermoelectric":170.71,"ch0510":0.08896},{"fips":"13","state":"GA","metro":"0","pop":1774.426,"tot":2139.1,"tot05":2257.09,"public_supply":177.42,"dom_self_supply":51.86,"ind_self_supply":240.37,"irrigation":594.98,"livestock":17.64,"aquaculture":32.92,"mining":14.16,"thermoelectric":1009.75,"ch0510":-0.05228},{"fips":"15","state":"HI","metro":"0","pop":252.17,"tot":196.45,"tot05":174.1,"public_supply":60.35,"dom_self_supply":6.92,"ind_self_supply":0,"irrigation":65.07,"livestock":1.38,"aquaculture":2.94,"mining":0.81,"thermoelectric":58.98,"ch0510":0.12837},{"fips":"16","state":"ID","metro":"0","pop":544.372,"tot":11505.71,"tot05":12248.95,"public_supply":78.19,"dom_self_supply":47.55,"ind_self_supply":28.84,"irrigation":9003.64,"livestock":35.61,"aquaculture":2295.24,"mining":16.64,"thermoelectric":0,"ch0510":-0.06068},{"fips":"17","state":"IL","metro":"0","pop":1528.427,"tot":3942.69,"tot05":4224.91,"public_supply":140.53,"dom_self_supply":24.26,"ind_self_supply":32.51,"irrigation":171.79,"livestock":23.54,"aquaculture":18.58,"mining":63.36,"thermoelectric":3468.12,"ch0510":-0.0668},{"fips":"18","state":"IN","metro":"0","pop":1479.051,"tot":2290.79,"tot05":2291.7,"public_supply":117.46,"dom_self_supply":44.16,"ind_self_supply":46.3,"irrigation":57.85,"livestock":25.87,"aquaculture":2.19,"mining":28,"thermoelectric":1968.96,"ch0510":-0.0004},{"fips":"19","state":"IA","metro":"0","pop":1299.655,"tot":973.23,"tot05":1222.41,"public_supply":184.81,"dom_self_supply":24.85,"ind_self_supply":81.46,"irrigation":28.85,"livestock":110.98,"aquaculture":18.47,"mining":55.32,"thermoelectric":468.49,"ch0510":-0.20384},{"fips":"20","state":"KS","metro":"0","pop":956.485,"tot":3357.32,"tot05":3053.77,"public_supply":138.95,"dom_self_supply":11.34,"ind_self_supply":31.24,"irrigation":2940.58,"livestock":101.49,"aquaculture":8.5,"mining":9.15,"thermoelectric":116.07,"ch0510":0.0994},{"fips":"21","state":"KY","metro":"0","pop":1840.009,"tot":2650.48,"tot05":2479.14,"public_supply":232.17,"dom_self_supply":12.86,"ind_self_supply":92.49,"irrigation":14.59,"livestock":31.42,"aquaculture":33.61,"mining":24.75,"thermoelectric":2208.59,"ch0510":0.06911},{"fips":"22","state":"LA","metro":"0","pop":775.216,"tot":1171.66,"tot05":1206.32,"public_supply":117.8,"dom_self_supply":10.17,"ind_self_supply":85.31,"irrigation":593.97,"livestock":3.16,"aquaculture":131.08,"mining":4.01,"thermoelectric":226.16,"ch0510":-0.02873},{"fips":"23","state":"ME","metro":"0","pop":552.638,"tot":261.72,"tot05":290.53,"public_supply":28.85,"dom_self_supply":18.6,"ind_self_supply":162.22,"irrigation":9.16,"livestock":1.27,"aquaculture":37.83,"mining":2.03,"thermoelectric":1.76,"ch0510":-0.09916},{"fips":"24","state":"MD","metro":"0","pop":153.76,"tot":60.78,"tot05":52.29,"public_supply":9.85,"dom_self_supply":6.63,"ind_self_supply":2.24,"irrigation":35.12,"livestock":2.17,"aquaculture":1.74,"mining":3.01,"thermoelectric":0.02,"ch0510":0.16236},{"fips":"25","state":"MA","metro":"0","pop":98.079,"tot":54.66,"tot05":43.48,"public_supply":11.9,"dom_self_supply":2.09,"ind_self_supply":2.97,"irrigation":3.62,"livestock":0.25,"aquaculture":33.61,"mining":0.22,"thermoelectric":0,"ch0510":0.25713},{"fips":"26","state":"MI","metro":"0","pop":1815.968,"tot":1108.7,"tot05":1246.92,"public_supply":159.66,"dom_self_supply":90.97,"ind_self_supply":203.57,"irrigation":88.26,"livestock":12.57,"aquaculture":75.66,"mining":64.22,"thermoelectric":413.79,"ch0510":-0.11085},{"fips":"27","state":"MN","metro":"0","pop":1242.482,"tot":1542.79,"tot05":1660.89,"public_supply":89.23,"dom_self_supply":39.34,"ind_self_supply":76.89,"irrigation":116.77,"livestock":41.33,"aquaculture":5.01,"mining":145.48,"thermoelectric":1028.74,"ch0510":-0.07111},{"fips":"28","state":"MS","metro":"0","pop":1639.842,"tot":2830.55,"tot05":2283.14,"public_supply":219.76,"dom_self_supply":23.91,"ind_self_supply":117.56,"irrigation":1892.21,"livestock":14.89,"aquaculture":129.47,"mining":17.37,"thermoelectric":415.38,"ch0510":0.23976},{"fips":"29","state":"MO","metro":"0","pop":1560.719,"tot":3730.68,"tot05":3523.74,"public_supply":145.22,"dom_self_supply":30.43,"ind_self_supply":13.52,"irrigation":1355.18,"livestock":51.22,"aquaculture":178.27,"mining":20.5,"thermoelectric":1936.34,"ch0510":0.05873},{"fips":"30","state":"MT","metro":"0","pop":639.855,"tot":6515.49,"tot05":9004.68,"public_supply":84.48,"dom_self_supply":17.1,"ind_self_supply":33.86,"irrigation":6223.68,"livestock":37.34,"aquaculture":14.07,"mining":44.24,"thermoelectric":60.72,"ch0510":-0.27643},{"fips":"31","state":"NE","metro":"0","pop":673.123,"tot":6401.39,"tot05":9966.2,"public_supply":102.71,"dom_self_supply":20.59,"ind_self_supply":27.7,"irrigation":5002.49,"livestock":105.03,"aquaculture":79.78,"mining":5.37,"thermoelectric":1057.72,"ch0510":-0.35769},{"fips":"32","state":"NV","metro":"0","pop":268.591,"tot":1984.58,"tot05":1639.23,"public_supply":51.66,"dom_self_supply":13.06,"ind_self_supply":0.25,"irrigation":1522.18,"livestock":4.8,"aquaculture":31.23,"mining":338.29,"thermoelectric":23.11,"ch0510":0.21068},{"fips":"33","state":"NH","metro":"0","pop":497.383,"tot":269.36,"tot05":328.38,"public_supply":33.09,"dom_self_supply":12.67,"ind_self_supply":9.04,"irrigation":0.79,"livestock":0.7,"aquaculture":8.54,"mining":2.47,"thermoelectric":202.06,"ch0510":-0.17973},{"fips":"35","state":"NM","metro":"0","pop":688.655,"tot":1936.58,"tot05":2053.07,"public_supply":96.85,"dom_self_supply":12.78,"ind_self_supply":6.17,"irrigation":1728.13,"livestock":29.84,"aquaculture":19.61,"mining":35.69,"thermoelectric":7.51,"ch0510":-0.05674},{"fips":"36","state":"NY","metro":"0","pop":1421.642,"tot":1250.51,"tot05":1245.42,"public_supply":647.84,"dom_self_supply":49.66,"ind_self_supply":60.09,"irrigation":18.14,"livestock":12.53,"aquaculture":13.55,"mining":28.68,"thermoelectric":420.02,"ch0510":0.00409},{"fips":"37","state":"NC","metro":"0","pop":2201.428,"tot":2088.14,"tot05":2054.7,"public_supply":273.2,"dom_self_supply":63.15,"ind_self_supply":204.33,"irrigation":169.43,"livestock":47.16,"aquaculture":1274.23,"mining":21.93,"thermoelectric":34.71,"ch0510":0.01627},{"fips":"38","state":"ND","metro":"0","pop":341.174,"tot":611.23,"tot05":718.6,"public_supply":34.25,"dom_self_supply":2.65,"ind_self_supply":16.02,"irrigation":143.28,"livestock":18.09,"aquaculture":5.92,"mining":25.36,"thermoelectric":365.66,"ch0510":-0.14942},{"fips":"39","state":"OH","metro":"0","pop":2394.196,"tot":3271.28,"tot05":3681.01,"public_supply":222.79,"dom_self_supply":55.87,"ind_self_supply":99.2,"irrigation":15.2,"livestock":17.18,"aquaculture":25.61,"mining":62.09,"thermoelectric":2773.34,"ch0510":-0.11131},{"fips":"40","state":"OK","metro":"0","pop":1337.82,"tot":2451.3,"tot05":1274.29,"public_supply":342.96,"dom_self_supply":15.3,"ind_self_supply":16.02,"irrigation":527.22,"livestock":69.79,"aquaculture":8.9,"mining":1115.53,"thermoelectric":355.58,"ch0510":0.92366},{"fips":"41","state":"OR","metro":"0","pop":653.138,"tot":4868.55,"tot05":5284.36,"public_supply":116.96,"dom_self_supply":19.28,"ind_self_supply":40.83,"irrigation":4325.31,"livestock":12.67,"aquaculture":340.73,"mining":2.24,"thermoelectric":10.53,"ch0510":-0.07869},{"fips":"42","state":"PA","metro":"0","pop":1510.215,"tot":1057.1,"tot05":1189.9,"public_supply":157.51,"dom_self_supply":42.56,"ind_self_supply":50.43,"irrigation":6.3,"livestock":17.36,"aquaculture":36.58,"mining":18.33,"thermoelectric":728.03,"ch0510":-0.11161},{"fips":"45","state":"SC","metro":"0","pop":763.507,"tot":3555.35,"tot05":2846.88,"public_supply":86.36,"dom_self_supply":21.51,"ind_self_supply":87.17,"irrigation":51.59,"livestock":5.21,"aquaculture":7.1,"mining":2.13,"thermoelectric":3294.28,"ch0510":0.24886},{"fips":"46","state":"SD","metro":"0","pop":436.922,"tot":498.9,"tot05":370.53,"public_supply":72.67,"dom_self_supply":1.67,"ind_self_supply":5.63,"irrigation":326.27,"livestock":41.43,"aquaculture":27.85,"mining":13.44,"thermoelectric":9.94,"ch0510":0.34645},{"fips":"47","state":"TN","metro":"0","pop":1487.241,"tot":2463.06,"tot05":3967.26,"public_supply":173.14,"dom_self_supply":17.21,"ind_self_supply":200.23,"irrigation":43.24,"livestock":16.08,"aquaculture":29.48,"mining":7.9,"thermoelectric":1975.78,"ch0510":-0.37915},{"fips":"48","state":"TX","metro":"0","pop":3005.163,"tot":10710.66,"tot05":11072.63,"public_supply":1247.82,"dom_self_supply":79.42,"ind_self_supply":216.95,"irrigation":4911.76,"livestock":183.21,"aquaculture":14.43,"mining":608.72,"thermoelectric":3448.35,"ch0510":-0.03269},{"fips":"49","state":"UT","metro":"0","pop":301.272,"tot":2237.54,"tot05":2829.48,"public_supply":79.34,"dom_self_supply":4.86,"ind_self_supply":10.67,"irrigation":1978.65,"livestock":10.86,"aquaculture":67.6,"mining":11.34,"thermoelectric":74.22,"ch0510":-0.2092},{"fips":"50","state":"VT","metro":"0","pop":414.48,"tot":401.12,"tot05":490.31,"public_supply":25.54,"dom_self_supply":10.16,"ind_self_supply":4.44,"irrigation":1.8,"livestock":3.82,"aquaculture":7.81,"mining":3.05,"thermoelectric":344.5,"ch0510":-0.18191},{"fips":"51","state":"VA","metro":"0","pop":1072.295,"tot":4176.69,"tot05":5148.5,"public_supply":95.19,"dom_self_supply":36.28,"ind_self_supply":54.72,"irrigation":26.07,"livestock":11.33,"aquaculture":182.28,"mining":19.44,"thermoelectric":3751.38,"ch0510":-0.18876},{"fips":"53","state":"WA","metro":"0","pop":704.764,"tot":1778.66,"tot05":1985.87,"public_supply":89.72,"dom_self_supply":25.86,"ind_self_supply":29.12,"irrigation":1526.85,"livestock":7.98,"aquaculture":81.16,"mining":3.17,"thermoelectric":14.8,"ch0510":-0.10434},{"fips":"54","state":"WV","metro":"0","pop":720.492,"tot":2057.82,"tot05":2725.21,"public_supply":70.87,"dom_self_supply":16.93,"ind_self_supply":80.14,"irrigation":0.02,"livestock":3.66,"aquaculture":44.97,"mining":8.38,"thermoelectric":1832.85,"ch0510":-0.24489},{"fips":"55","state":"WI","metro":"0","pop":1508.062,"tot":2127.32,"tot05":4178,"public_supply":104.46,"dom_self_supply":34.14,"ind_self_supply":203.35,"irrigation":333.67,"livestock":41.28,"aquaculture":40.97,"mining":8.35,"thermoelectric":1361.1,"ch0510":-0.49083},{"fips":"56","state":"WY","metro":"0","pop":396.438,"tot":4292.79,"tot05":4199.87,"public_supply":73.8,"dom_self_supply":6.47,"ind_self_supply":5.43,"irrigation":3996.01,"livestock":14.63,"aquaculture":18.09,"mining":115.01,"thermoelectric":63.35,"ch0510":0.02212},{"fips":"US","state":"US","metro":"0","pop":46293.406,"tot":130205.52,"tot05":144485.56,"public_supply":7024.09,"dom_self_supply":1143.45,"ind_self_supply":3197.97,"irrigation":68566.07,"livestock":1280.1,"aquaculture":7097.51,"mining":3347.01,"thermoelectric":38549.32,"ch0510":-0.09883}]},"metro":[{"cbsa":"10420","pop":703.2,"tot":74.79,"tot05":86.19,"public_supply":56.82,"dom_self_supply":11.3,"ind_self_supply":3.71,"irrigation":1.24,"livestock":0.16,"aquaculture":0,"mining":1.56,"thermoelectric":0,"ch0510":-0.13227},{"cbsa":"10580","pop":870.716,"tot":321.91,"tot05":378.84,"public_supply":260.97,"dom_self_supply":9.76,"ind_self_supply":42.64,"irrigation":3.42,"livestock":0.84,"aquaculture":0,"mining":0.94,"thermoelectric":3.34,"ch0510":-0.15027},{"cbsa":"10740","pop":887.077,"tot":433.73,"tot05":433.63,"public_supply":119.77,"dom_self_supply":8.84,"ind_self_supply":3.99,"irrigation":298.02,"livestock":1.67,"aquaculture":0.5,"mining":0.52,"thermoelectric":0.42,"ch0510":0.00023},{"cbsa":"10900","pop":821.173,"tot":369.25,"tot05":515.17,"public_supply":71.74,"dom_self_supply":11.07,"ind_self_supply":19.13,"irrigation":2.19,"livestock":0.51,"aquaculture":11.54,"mining":8.21,"thermoelectric":244.86,"ch0510":-0.28325},{"cbsa":"12060","pop":5286.725,"tot":727.74,"tot05":1140.28,"public_supply":489.75,"dom_self_supply":32.11,"ind_self_supply":6.27,"irrigation":34.86,"livestock":4.75,"aquaculture":10.35,"mining":5.29,"thermoelectric":144.36,"ch0510":-0.36179},{"cbsa":"12260","pop":564.873,"tot":436.21,"tot05":437.34,"public_supply":88.92,"dom_self_supply":7.83,"ind_self_supply":125.71,"irrigation":21.92,"livestock":1.41,"aquaculture":0.13,"mining":2.54,"thermoelectric":187.75,"ch0510":-0.00258},{"cbsa":"12420","pop":1716.289,"tot":621.98,"tot05":902.56,"public_supply":234.75,"dom_self_supply":16.78,"ind_self_supply":1.03,"irrigation":11.26,"livestock":4.69,"aquaculture":2.25,"mining":25.98,"thermoelectric":325.24,"ch0510":-0.31087},{"cbsa":"12540","pop":839.631,"tot":2159.89,"tot05":2663.55,"public_supply":226,"dom_self_supply":2.28,"ind_self_supply":2.46,"irrigation":1810.14,"livestock":11.86,"aquaculture":4.21,"mining":92.66,"thermoelectric":10.28,"ch0510":-0.18909},{"cbsa":"12580","pop":2710.489,"tot":1090.71,"tot05":1521.69,"public_supply":275.17,"dom_self_supply":39.31,"ind_self_supply":151.84,"irrigation":14.96,"livestock":1.52,"aquaculture":0.31,"mining":1.87,"thermoelectric":605.73,"ch0510":-0.28322},{"cbsa":"12940","pop":802.484,"tot":1239.08,"tot05":1711.35,"public_supply":112.74,"dom_self_supply":8.62,"ind_self_supply":668.09,"irrigation":14.21,"livestock":1.13,"aquaculture":23.95,"mining":0,"thermoelectric":410.34,"ch0510":-0.27596},{"cbsa":"13820","pop":1128.047,"tot":1814.95,"tot05":1934.91,"public_supply":201.8,"dom_self_supply":3.68,"ind_self_supply":5.3,"irrigation":11.14,"livestock":2.04,"aquaculture":1.98,"mining":5.8,"thermoelectric":1583.21,"ch0510":-0.062},{"cbsa":"14260","pop":616.561,"tot":2865.07,"tot05":3329.98,"public_supply":76.98,"dom_self_supply":13.32,"ind_self_supply":13.11,"irrigation":2474.26,"livestock":7.73,"aquaculture":277.64,"mining":2.03,"thermoelectric":0,"ch0510":-0.13961},{"cbsa":"14460","pop":4552.402,"tot":2405.34,"tot05":2211.52,"public_supply":275.03,"dom_self_supply":24.94,"ind_self_supply":8.71,"irrigation":109.18,"livestock":0.38,"aquaculture":6.79,"mining":2.79,"thermoelectric":1977.52,"ch0510":0.08764},{"cbsa":"14860","pop":916.829,"tot":494.34,"tot05":651.96,"public_supply":218.99,"dom_self_supply":15.53,"ind_self_supply":4.69,"irrigation":4.04,"livestock":0.02,"aquaculture":0.08,"mining":0.29,"thermoelectric":250.7,"ch0510":-0.24176},{"cbsa":"15380","pop":1135.509,"tot":850.24,"tot05":1093.35,"public_supply":195.9,"dom_self_supply":5.98,"ind_self_supply":137.14,"irrigation":5.59,"livestock":0.86,"aquaculture":0,"mining":0,"thermoelectric":504.77,"ch0510":-0.22235},{"cbsa":"15980","pop":618.754,"tot":746.56,"tot05":709.1,"public_supply":60.89,"dom_self_supply":7.89,"ind_self_supply":0.09,"irrigation":107.72,"livestock":0.22,"aquaculture":0,"mining":8.48,"thermoelectric":561.27,"ch0510":0.05283},{"cbsa":"16700","pop":664.607,"tot":658.57,"tot05":713.8,"public_supply":108.11,"dom_self_supply":18.08,"ind_self_supply":41.68,"irrigation":5.4,"livestock":0.24,"aquaculture":1.76,"mining":1.07,"thermoelectric":482.23,"ch0510":-0.07737},{"cbsa":"16740","pop":2217.012,"tot":4214.72,"tot05":4423.65,"public_supply":233.63,"dom_self_supply":55.58,"ind_self_supply":41.17,"irrigation":23.66,"livestock":5.28,"aquaculture":49.92,"mining":2.45,"thermoelectric":3803.03,"ch0510":-0.04723},{"cbsa":"16860","pop":528.143,"tot":1991.15,"tot05":1674.64,"public_supply":83.66,"dom_self_supply":1.38,"ind_self_supply":10.99,"irrigation":2.38,"livestock":1.14,"aquaculture":0.8,"mining":0.8,"thermoelectric":1890,"ch0510":0.189},{"cbsa":"16980","pop":9461.105,"tot":7722.84,"tot05":9495.36,"public_supply":1155.44,"dom_self_supply":47.79,"ind_self_supply":1645.89,"irrigation":45.8,"livestock":4.93,"aquaculture":3.06,"mining":16.06,"thermoelectric":4803.87,"ch0510":-0.18667},{"cbsa":"17140","pop":2114.58,"tot":1580.07,"tot05":2127.77,"public_supply":260.81,"dom_self_supply":10.48,"ind_self_supply":123.52,"irrigation":3.28,"livestock":1.86,"aquaculture":0.54,"mining":8.65,"thermoelectric":1170.93,"ch0510":-0.25741},{"cbsa":"17460","pop":2077.24,"tot":1768.5,"tot05":2097.94,"public_supply":305.55,"dom_self_supply":12.43,"ind_self_supply":94.67,"irrigation":14.54,"livestock":0.62,"aquaculture":1.31,"mining":1.56,"thermoelectric":1337.82,"ch0510":-0.15703},{"cbsa":"17820","pop":645.613,"tot":123.71,"tot05":163.5,"public_supply":81.52,"dom_self_supply":4,"ind_self_supply":0,"irrigation":35.36,"livestock":0.4,"aquaculture":0,"mining":0.12,"thermoelectric":2.31,"ch0510":-0.24336},{"cbsa":"17900","pop":767.598,"tot":1216.51,"tot05":2394.61,"public_supply":94.79,"dom_self_supply":22.3,"ind_self_supply":123.45,"irrigation":22.3,"livestock":2.15,"aquaculture":0.25,"mining":2.54,"thermoelectric":948.73,"ch0510":-0.49198},{"cbsa":"18140","pop":1901.974,"tot":294.38,"tot05":337.2,"public_supply":217.02,"dom_self_supply":19.13,"ind_self_supply":9.68,"irrigation":6.93,"livestock":1.94,"aquaculture":6.13,"mining":22.07,"thermoelectric":11.48,"ch0510":-0.12699},{"cbsa":"19100","pop":6426.214,"tot":3374.1,"tot05":2510.19,"public_supply":1037.82,"dom_self_supply":20.92,"ind_self_supply":3.31,"irrigation":25.04,"livestock":12.78,"aquaculture":0.19,"mining":58.12,"thermoelectric":2215.92,"ch0510":0.34416},{"cbsa":"19380","pop":799.232,"tot":173.31,"tot05":300.17,"public_supply":102.89,"dom_self_supply":5.19,"ind_self_supply":11.47,"irrigation":5.1,"livestock":0.45,"aquaculture":0.01,"mining":7.61,"thermoelectric":40.59,"ch0510":-0.42263},{"cbsa":"19660","pop":590.289,"tot":251.74,"tot05":190.48,"public_supply":61.17,"dom_self_supply":5.86,"ind_self_supply":0.62,"irrigation":64.65,"livestock":0,"aquaculture":0,"mining":0,"thermoelectric":119.44,"ch0510":0.32161},{"cbsa":"19740","pop":2543.482,"tot":748.11,"tot05":703.02,"public_supply":444.66,"dom_self_supply":11.76,"ind_self_supply":42.91,"irrigation":228.3,"livestock":1.15,"aquaculture":9.75,"mining":0.29,"thermoelectric":9.29,"ch0510":0.06414},{"cbsa":"19780","pop":569.633,"tot":71.51,"tot05":69.56,"public_supply":62.33,"dom_self_supply":2.97,"ind_self_supply":1.64,"irrigation":1.25,"livestock":2.8,"aquaculture":0,"mining":0.52,"thermoelectric":0,"ch0510":0.02803},{"cbsa":"19820","pop":4296.25,"tot":3379.75,"tot05":3636.17,"public_supply":630.27,"dom_self_supply":42.83,"ind_self_supply":336.09,"irrigation":9.93,"livestock":0.63,"aquaculture":1.64,"mining":4.75,"thermoelectric":2353.61,"ch0510":-0.07052},{"cbsa":"21340","pop":804.123,"tot":397.42,"tot05":416.75,"public_supply":114.66,"dom_self_supply":1.84,"ind_self_supply":2.66,"irrigation":269.97,"livestock":0.6,"aquaculture":0,"mining":3.81,"thermoelectric":3.88,"ch0510":-0.04638},{"cbsa":"23420","pop":930.45,"tot":2813.24,"tot05":3260.22,"public_supply":257.94,"dom_self_supply":7.64,"ind_self_supply":10.51,"irrigation":2492.77,"livestock":14.03,"aquaculture":22.46,"mining":7.27,"thermoelectric":0.62,"ch0510":-0.1371},{"cbsa":"24340","pop":988.938,"tot":1009.95,"tot05":989.04,"public_supply":122.7,"dom_self_supply":27.26,"ind_self_supply":2.67,"irrigation":37.37,"livestock":2.36,"aquaculture":0.01,"mining":1.99,"thermoelectric":815.59,"ch0510":0.02114},{"cbsa":"24660","pop":723.801,"tot":222.79,"tot05":362.07,"public_supply":72.9,"dom_self_supply":17.36,"ind_self_supply":0.1,"irrigation":22.28,"livestock":2.11,"aquaculture":0.12,"mining":0.92,"thermoelectric":107,"ch0510":-0.38468},{"cbsa":"24860","pop":824.112,"tot":364.53,"tot05":269.82,"public_supply":105.55,"dom_self_supply":10.61,"ind_self_supply":7.42,"irrigation":3.25,"livestock":1.35,"aquaculture":0.83,"mining":0.82,"thermoelectric":234.7,"ch0510":0.35101},{"cbsa":"25420","pop":549.475,"tot":137.29,"tot05":219.4,"public_supply":44.99,"dom_self_supply":11.36,"ind_self_supply":28.93,"irrigation":1.27,"livestock":3.42,"aquaculture":13.89,"mining":1.3,"thermoelectric":32.13,"ch0510":-0.37425},{"cbsa":"25540","pop":1212.381,"tot":350.26,"tot05":387.41,"public_supply":53.69,"dom_self_supply":23.44,"ind_self_supply":54.98,"irrigation":11.42,"livestock":0.26,"aquaculture":7.13,"mining":1.52,"thermoelectric":197.82,"ch0510":-0.09589},{"cbsa":"26420","pop":5920.416,"tot":2798.02,"tot05":4282.11,"public_supply":460.24,"dom_self_supply":71.48,"ind_self_supply":873.41,"irrigation":214.79,"livestock":8.29,"aquaculture":2.23,"mining":53.03,"thermoelectric":1114.55,"ch0510":-0.34658},{"cbsa":"26900","pop":1887.877,"tot":611.04,"tot05":682.37,"public_supply":217.41,"dom_self_supply":29.7,"ind_self_supply":20.75,"irrigation":2.69,"livestock":2.11,"aquaculture":3.15,"mining":28.87,"thermoelectric":306.36,"ch0510":-0.10453},{"cbsa":"27140","pop":567.122,"tot":156.39,"tot05":139.28,"public_supply":96.43,"dom_self_supply":5.68,"ind_self_supply":13.96,"irrigation":29.05,"livestock":2.24,"aquaculture":2.33,"mining":2.79,"thermoelectric":3.91,"ch0510":0.12285},{"cbsa":"27260","pop":1345.596,"tot":880.82,"tot05":891.14,"public_supply":155.08,"dom_self_supply":23.19,"ind_self_supply":46.19,"irrigation":49.56,"livestock":0,"aquaculture":0,"mining":1.23,"thermoelectric":605.57,"ch0510":-0.01158},{"cbsa":"28140","pop":2009.342,"tot":1626.08,"tot05":1612.48,"public_supply":305.84,"dom_self_supply":0.43,"ind_self_supply":32.12,"irrigation":11.26,"livestock":6.78,"aquaculture":2.04,"mining":4.75,"thermoelectric":1262.86,"ch0510":0.00843},{"cbsa":"28940","pop":837.571,"tot":699.1,"tot05":1975.42,"public_supply":120.97,"dom_self_supply":4.88,"ind_self_supply":8.84,"irrigation":2.42,"livestock":1.92,"aquaculture":4.47,"mining":1.6,"thermoelectric":554,"ch0510":-0.6461},{"cbsa":"29460","pop":602.095,"tot":298.67,"tot05":219.26,"public_supply":67.39,"dom_self_supply":12.95,"ind_self_supply":27.37,"irrigation":121.26,"livestock":0.49,"aquaculture":0,"mining":15.54,"thermoelectric":53.67,"ch0510":0.36217},{"cbsa":"29820","pop":1951.269,"tot":486.64,"tot05":607.74,"public_supply":439.43,"dom_self_supply":14.67,"ind_self_supply":4.98,"irrigation":14.4,"livestock":0.07,"aquaculture":0,"mining":5.1,"thermoelectric":7.99,"ch0510":-0.19926},{"cbsa":"30780","pop":699.757,"tot":619.6,"tot05":662,"public_supply":97.47,"dom_self_supply":1.4,"ind_self_supply":1.03,"irrigation":475.24,"livestock":1.87,"aquaculture":42.1,"mining":0.22,"thermoelectric":0.27,"ch0510":-0.06405},{"cbsa":"31080","pop":12828.837,"tot":3829.4,"tot05":4528.66,"public_supply":1876.11,"dom_self_supply":56.46,"ind_self_supply":121.38,"irrigation":109.73,"livestock":0.6,"aquaculture":0.06,"mining":102.9,"thermoelectric":1562.16,"ch0510":-0.15441},{"cbsa":"31140","pop":1235.708,"tot":1008.88,"tot05":1129.31,"public_supply":177.66,"dom_self_supply":11.84,"ind_self_supply":51.95,"irrigation":3.1,"livestock":3.05,"aquaculture":0.43,"mining":3.14,"thermoelectric":757.71,"ch0510":-0.10664},{"cbsa":"31540","pop":605.435,"tot":116.49,"tot05":347.83,"public_supply":51.3,"dom_self_supply":6.53,"ind_self_supply":6.05,"irrigation":11.04,"livestock":7.62,"aquaculture":2.27,"mining":1.25,"thermoelectric":30.43,"ch0510":-0.6651},{"cbsa":"32580","pop":774.769,"tot":470.22,"tot05":394.41,"public_supply":100.42,"dom_self_supply":1.18,"ind_self_supply":0.68,"irrigation":361.56,"livestock":0.75,"aquaculture":0,"mining":3.88,"thermoelectric":1.75,"ch0510":0.19221},{"cbsa":"32820","pop":1324.829,"tot":1088.01,"tot05":967.58,"public_supply":210.57,"dom_self_supply":7.98,"ind_self_supply":36.97,"irrigation":388.56,"livestock":1.1,"aquaculture":2.39,"mining":1.06,"thermoelectric":439.38,"ch0510":0.12447},{"cbsa":"33100","pop":5564.635,"tot":2446.72,"tot05":3972.67,"public_supply":797.62,"dom_self_supply":13.08,"ind_self_supply":1.28,"irrigation":578.61,"livestock":0.52,"aquaculture":0,"mining":35.41,"thermoelectric":1020.2,"ch0510":-0.38411},{"cbsa":"33340","pop":1555.908,"tot":2280.31,"tot05":1576.13,"public_supply":150.69,"dom_self_supply":11.46,"ind_self_supply":14.2,"irrigation":3.94,"livestock":1.41,"aquaculture":0.41,"mining":3.01,"thermoelectric":2095.19,"ch0510":0.44678},{"cbsa":"33460","pop":3348.859,"tot":1762.75,"tot05":1895.03,"public_supply":362.72,"dom_self_supply":26.6,"ind_self_supply":34.34,"irrigation":56.9,"livestock":7.14,"aquaculture":2.7,"mining":44.79,"thermoelectric":1227.56,"ch0510":-0.0698},{"cbsa":"34980","pop":1670.89,"tot":891.71,"tot05":1226.69,"public_supply":248.42,"dom_self_supply":6.69,"ind_self_supply":23.88,"irrigation":10.94,"livestock":4.72,"aquaculture":0.95,"mining":2.11,"thermoelectric":594,"ch0510":-0.27308},{"cbsa":"35300","pop":862.477,"tot":113.53,"tot05":342.67,"public_supply":75.14,"dom_self_supply":11.28,"ind_self_supply":3.54,"irrigation":4.9,"livestock":0.05,"aquaculture":0,"mining":0.92,"thermoelectric":17.7,"ch0510":-0.66869},{"cbsa":"35380","pop":1189.866,"tot":4541.86,"tot05":6127.58,"public_supply":267.42,"dom_self_supply":7.4,"ind_self_supply":1085.83,"irrigation":0.23,"livestock":0.33,"aquaculture":11.84,"mining":0,"thermoelectric":3168.81,"ch0510":-0.25878},{"cbsa":"35620","pop":19567.41,"tot":7104.97,"tot05":12734.17,"public_supply":1258.16,"dom_self_supply":94.65,"ind_self_supply":64.23,"irrigation":44.58,"livestock":0.84,"aquaculture":0.75,"mining":27.41,"thermoelectric":5614.35,"ch0510":-0.44205},{"cbsa":"35840","pop":702.281,"tot":157.76,"tot05":182.41,"public_supply":51.7,"dom_self_supply":3.56,"ind_self_supply":0.14,"irrigation":95.15,"livestock":0.55,"aquaculture":0,"mining":3.64,"thermoelectric":3.02,"ch0510":-0.13514},{"cbsa":"36260","pop":597.159,"tot":795.56,"tot05":873.27,"public_supply":98.01,"dom_self_supply":1.23,"ind_self_supply":18.93,"irrigation":528.09,"livestock":2.22,"aquaculture":7.32,"mining":139.76,"thermoelectric":0,"ch0510":-0.08899},{"cbsa":"36420","pop":1252.99,"tot":263.1,"tot05":204.55,"public_supply":160.5,"dom_self_supply":7.79,"ind_self_supply":1.81,"irrigation":19.89,"livestock":8.55,"aquaculture":0.54,"mining":60.59,"thermoelectric":3.43,"ch0510":0.28624},{"cbsa":"36540","pop":865.35,"tot":1570.72,"tot05":2087.64,"public_supply":186.7,"dom_self_supply":19.95,"ind_self_supply":3.14,"irrigation":69.54,"livestock":4.03,"aquaculture":0,"mining":4.97,"thermoelectric":1282.39,"ch0510":-0.24761},{"cbsa":"36740","pop":2134.411,"tot":509.94,"tot05":559.32,"public_supply":323.3,"dom_self_supply":25.78,"ind_self_supply":1.65,"irrigation":152.49,"livestock":1.38,"aquaculture":0.09,"mining":3.98,"thermoelectric":1.27,"ch0510":-0.08829},{"cbsa":"37100","pop":823.318,"tot":719.48,"tot05":1198.61,"public_supply":163.3,"dom_self_supply":3.63,"ind_self_supply":10.21,"irrigation":226.09,"livestock":0.18,"aquaculture":14.11,"mining":8.77,"thermoelectric":293.19,"ch0510":-0.39974},{"cbsa":"37340","pop":543.376,"tot":251.36,"tot05":957.28,"public_supply":30.66,"dom_self_supply":1.9,"ind_self_supply":0.58,"irrigation":75.9,"livestock":0,"aquaculture":0.26,"mining":0,"thermoelectric":142.06,"ch0510":-0.73742},{"cbsa":"37980","pop":5965.343,"tot":5352,"tot05":5258.73,"public_supply":667.71,"dom_self_supply":63.6,"ind_self_supply":282.47,"irrigation":73.06,"livestock":2.44,"aquaculture":1.8,"mining":10.89,"thermoelectric":4250.03,"ch0510":0.01774},{"cbsa":"38060","pop":4193.18,"tot":3083.66,"tot05":3256.18,"public_supply":868.05,"dom_self_supply":8.2,"ind_self_supply":2.35,"irrigation":2146.53,"livestock":18.88,"aquaculture":0,"mining":9.27,"thermoelectric":30.38,"ch0510":-0.05298},{"cbsa":"38300","pop":2356.285,"tot":1712.67,"tot05":2311.88,"public_supply":341.11,"dom_self_supply":28.56,"ind_self_supply":534.24,"irrigation":3.4,"livestock":2.51,"aquaculture":1.94,"mining":0.4,"thermoelectric":800.51,"ch0510":-0.25919},{"cbsa":"38900","pop":2226.009,"tot":733.37,"tot05":787.12,"public_supply":241.26,"dom_self_supply":28.32,"ind_self_supply":123.76,"irrigation":247.57,"livestock":1.74,"aquaculture":85.74,"mining":3.21,"thermoelectric":1.77,"ch0510":-0.06829},{"cbsa":"39300","pop":1600.852,"tot":1257.6,"tot05":1462.16,"public_supply":142.87,"dom_self_supply":11.52,"ind_self_supply":7.72,"irrigation":11.1,"livestock":0.34,"aquaculture":14.57,"mining":1.32,"thermoelectric":1068.16,"ch0510":-0.1399},{"cbsa":"39340","pop":526.81,"tot":422.23,"tot05":476.2,"public_supply":106.86,"dom_self_supply":0.54,"ind_self_supply":14.19,"irrigation":292.2,"livestock":1.56,"aquaculture":4.52,"mining":0,"thermoelectric":2.36,"ch0510":-0.11333},{"cbsa":"39580","pop":1130.49,"tot":153.58,"tot05":164.02,"public_supply":70.66,"dom_self_supply":25.26,"ind_self_supply":0,"irrigation":22.5,"livestock":1.66,"aquaculture":5.4,"mining":1.69,"thermoelectric":26.41,"ch0510":-0.06365},{"cbsa":"40060","pop":1208.101,"tot":1231.64,"tot05":1801.66,"public_supply":188.77,"dom_self_supply":13.47,"ind_self_supply":195.74,"irrigation":13.11,"livestock":1.5,"aquaculture":4.93,"mining":6.79,"thermoelectric":807.33,"ch0510":-0.31639},{"cbsa":"40140","pop":4224.851,"tot":1758.68,"tot05":1843.54,"public_supply":992.92,"dom_self_supply":4.39,"ind_self_supply":51.27,"irrigation":579.5,"livestock":14.08,"aquaculture":78.8,"mining":15.98,"thermoelectric":21.74,"ch0510":-0.04603},{"cbsa":"40380","pop":1079.671,"tot":714.55,"tot05":785.69,"public_supply":110.99,"dom_self_supply":13.9,"ind_self_supply":15.57,"irrigation":8.22,"livestock":2.61,"aquaculture":8.12,"mining":17.94,"thermoelectric":537.2,"ch0510":-0.09054},{"cbsa":"40900","pop":2149.127,"tot":1708.24,"tot05":1768.31,"public_supply":460.84,"dom_self_supply":5.79,"ind_self_supply":20.6,"irrigation":1173.68,"livestock":3.43,"aquaculture":38.74,"mining":3.23,"thermoelectric":1.93,"ch0510":-0.03397},{"cbsa":"41180","pop":2787.701,"tot":3444.42,"tot05":3964.83,"public_supply":463.65,"dom_self_supply":19.47,"ind_self_supply":38.79,"irrigation":9.45,"livestock":5.54,"aquaculture":3.7,"mining":8.4,"thermoelectric":2895.42,"ch0510":-0.13126},{"cbsa":"41620","pop":1087.873,"tot":596.76,"tot05":556.9,"public_supply":311.07,"dom_self_supply":0.93,"ind_self_supply":73.8,"irrigation":105.91,"livestock":0.45,"aquaculture":1.31,"mining":99.31,"thermoelectric":3.98,"ch0510":0.07157},{"cbsa":"41700","pop":2142.508,"tot":1571.35,"tot05":969.27,"public_supply":299.64,"dom_self_supply":13.92,"ind_self_supply":2.69,"irrigation":96.32,"livestock":10.58,"aquaculture":0.19,"mining":68.35,"thermoelectric":1079.66,"ch0510":0.62117},{"cbsa":"41740","pop":3095.313,"tot":2818.19,"tot05":4085.08,"public_supply":481.49,"dom_self_supply":18.66,"ind_self_supply":1.82,"irrigation":170.91,"livestock":1.09,"aquaculture":0.15,"mining":1.72,"thermoelectric":2142.35,"ch0510":-0.31013},{"cbsa":"41860","pop":4335.391,"tot":787.04,"tot05":3707.08,"public_supply":591.34,"dom_self_supply":8.96,"ind_self_supply":4.78,"irrigation":103.15,"livestock":1.73,"aquaculture":12.65,"mining":3.43,"thermoelectric":61,"ch0510":-0.78769},{"cbsa":"41940","pop":1836.911,"tot":383.66,"tot05":365.53,"public_supply":250.24,"dom_self_supply":5.81,"ind_self_supply":16.5,"irrigation":108.6,"livestock":0.98,"aquaculture":0.3,"mining":1.07,"thermoelectric":0.16,"ch0510":0.0496},{"cbsa":"42540","pop":563.631,"tot":150.48,"tot05":156.67,"public_supply":69.39,"dom_self_supply":11.17,"ind_self_supply":10.96,"irrigation":0.39,"livestock":0.36,"aquaculture":0,"mining":0.17,"thermoelectric":58.04,"ch0510":-0.03951},{"cbsa":"42660","pop":3439.809,"tot":658.76,"tot05":554.02,"public_supply":451.06,"dom_self_supply":23.79,"ind_self_supply":106.09,"irrigation":16.73,"livestock":2.39,"aquaculture":52.05,"mining":6.65,"thermoelectric":0,"ch0510":0.18905},{"cbsa":"44060","pop":527.753,"tot":218.99,"tot05":225.56,"public_supply":127.23,"dom_self_supply":15.19,"ind_self_supply":37.53,"irrigation":25.25,"livestock":0.91,"aquaculture":10.81,"mining":1.46,"thermoelectric":0.61,"ch0510":-0.02913},{"cbsa":"44140","pop":621.57,"tot":176.61,"tot05":204.4,"public_supply":70.02,"dom_self_supply":4.85,"ind_self_supply":0.63,"irrigation":2.04,"livestock":0.22,"aquaculture":9.55,"mining":0.93,"thermoelectric":88.37,"ch0510":-0.13596},{"cbsa":"44700","pop":685.306,"tot":1753.37,"tot05":1483.54,"public_supply":114.81,"dom_self_supply":4.84,"ind_self_supply":22.88,"irrigation":1584.82,"livestock":9.75,"aquaculture":13.44,"mining":1.3,"thermoelectric":1.53,"ch0510":0.18188},{"cbsa":"45060","pop":662.577,"tot":1098.65,"tot05":1409.56,"public_supply":108.5,"dom_self_supply":10.68,"ind_self_supply":3.35,"irrigation":4.33,"livestock":1.49,"aquaculture":10.67,"mining":0.87,"thermoelectric":958.76,"ch0510":-0.22057},{"cbsa":"45300","pop":2783.243,"tot":4151.25,"tot05":4714.64,"public_supply":271.98,"dom_self_supply":26.18,"ind_self_supply":13.89,"irrigation":97.35,"livestock":0.84,"aquaculture":0,"mining":5.5,"thermoelectric":3735.51,"ch0510":-0.1195},{"cbsa":"45780","pop":610.001,"tot":701.45,"tot05":897.81,"public_supply":94.18,"dom_self_supply":5.8,"ind_self_supply":37.42,"irrigation":1.31,"livestock":0.54,"aquaculture":0,"mining":6.3,"thermoelectric":555.9,"ch0510":-0.21871},{"cbsa":"46060","pop":980.263,"tot":305.43,"tot05":306.76,"public_supply":168.08,"dom_self_supply":2.37,"ind_self_supply":0,"irrigation":100.88,"livestock":0.27,"aquaculture":0,"mining":31.92,"thermoelectric":1.91,"ch0510":-0.00434},{"cbsa":"46140","pop":937.47,"tot":387.68,"tot05":189.98,"public_supply":114.44,"dom_self_supply":2.86,"ind_self_supply":1.21,"irrigation":9.09,"livestock":5.79,"aquaculture":1.15,"mining":230.88,"thermoelectric":22.26,"ch0510":1.04064},{"cbsa":"46520","pop":953.207,"tot":799.23,"tot05":1593.32,"public_supply":162.98,"dom_self_supply":0.83,"ind_self_supply":4.61,"irrigation":73.57,"livestock":0.16,"aquaculture":1.55,"mining":0.5,"thermoelectric":555.03,"ch0510":-0.49839},{"cbsa":"47260","pop":1676.822,"tot":1494.39,"tot05":1849.86,"public_supply":155.81,"dom_self_supply":10.04,"ind_self_supply":71.44,"irrigation":8.4,"livestock":0.68,"aquaculture":4.88,"mining":2.68,"thermoelectric":1240.46,"ch0510":-0.19216},{"cbsa":"47900","pop":5636.232,"tot":6238.89,"tot05":6674.79,"public_supply":583.43,"dom_self_supply":54.08,"ind_self_supply":6.42,"irrigation":13.55,"livestock":3.6,"aquaculture":14.5,"mining":3.34,"thermoelectric":5559.97,"ch0510":-0.06531},{"cbsa":"48620","pop":630.919,"tot":185.35,"tot05":179.22,"public_supply":79.88,"dom_self_supply":2.94,"ind_self_supply":4,"irrigation":83.15,"livestock":4.95,"aquaculture":4.42,"mining":1.48,"thermoelectric":4.53,"ch0510":0.0342},{"cbsa":"49180","pop":640.595,"tot":1381.91,"tot05":1322.37,"public_supply":63.46,"dom_self_supply":15.43,"ind_self_supply":0,"irrigation":12.62,"livestock":1.54,"aquaculture":25.26,"mining":0.6,"thermoelectric":1263,"ch0510":0.04503},{"cbsa":"49340","pop":916.98,"tot":316.84,"tot05":464.38,"public_supply":267.92,"dom_self_supply":15.69,"ind_self_supply":3.52,"irrigation":3.93,"livestock":0.49,"aquaculture":22.83,"mining":2.46,"thermoelectric":0,"ch0510":-0.31771},{"cbsa":"49660","pop":565.773,"tot":214.81,"tot05":244.97,"public_supply":54.17,"dom_self_supply":8.25,"ind_self_supply":93.51,"irrigation":0.8,"livestock":1.15,"aquaculture":0.06,"mining":0,"thermoelectric":56.87,"ch0510":-0.12312}]}
